author,month,rank,review,title,year
by Sheryl Sandberg with Nell Scovell,11.0,1.0,https://www.nytimes.com/2013/03/07/books/sheryl-sandbergs-lean-in.html,LEAN IN,2013.0
by Malcolm Gladwell,11.0,2.0,https://www.nytimes.com/2008/11/18/books/18kaku.html,OUTLIERS,2013.0
by Peter Schweizer,11.0,3.0,,EXTORTION,2013.0
by Brad Stone,11.0,4.0,https://www.nytimes.com/2013/10/29/books/the-everything-store-jeff-bezos-and-the-age-of-amazon.html,EVERYTHING STORE,2013.0
by Daniel Goleman,11.0,5.0,,FOCUS,2013.0
by Mark Murphy,11.0,6.0,,HUNDRED PERCENTERS,2013.0
by Linda Meadow,11.0,7.0,,DO YOU SPEAK SHOE LOVER?,2013.0
by Craig T. Bouchard and James V. Koch,11.0,8.0,,CATERPILLAR WAY,2013.0
by Daniel Kahneman,11.0,9.0,https://www.nytimes.com/2011/11/27/books/review/thinking-fast-and-slow-by-daniel-kahneman-book-review.html,"THINKING, FAST AND SLOW",2013.0
by Walter Isaacson,11.0,10.0,https://www.nytimes.com/2011/10/22/books/steve-jobs-by-walter-isaacson-review.html,STEVE JOBS,2013.0
by Sheryl Sandberg with Nell Scovell,12.0,1.0,https://www.nytimes.com/2013/03/07/books/sheryl-sandbergs-lean-in.html,LEAN IN,2013.0
by Malcolm Gladwell,12.0,2.0,https://www.nytimes.com/2008/11/18/books/18kaku.html,OUTLIERS,2013.0
by Bob Rosen,12.0,3.0,,GROUNDED,2013.0
by Randi Zuckerberg,12.0,4.0,,DOT COMPLICATED,2013.0
by Brad Stone,12.0,5.0,https://www.nytimes.com/2013/10/29/books/the-everything-store-jeff-bezos-and-the-age-of-amazon.html,EVERYTHING STORE,2013.0
by Daniel Kahneman,12.0,6.0,https://www.nytimes.com/2011/11/27/books/review/thinking-fast-and-slow-by-daniel-kahneman-book-review.html,"THINKING, FAST AND SLOW",2013.0
by Peter Schweizer,12.0,7.0,,EXTORTION,2013.0
by Willie and Korie Robertson with Mark Schlabach,12.0,8.0,,DUCK COMMANDERS,2013.0
by Nick Bilton,12.0,9.0,,HATCHING TWITTER,2013.0
by Malcolm Gladwell,12.0,10.0,https://www.nytimes.com/2000/02/28/books/books-of-the-times-how-ideas-can-be-seriously-infectious-consider-paul-revere.html,TIPPING POINT,2013.0
by Sheryl Sandberg with Nell Scovell,1.0,1.0,https://www.nytimes.com/2013/03/07/books/sheryl-sandbergs-lean-in.html,LEAN IN,2014.0
by Malcolm Gladwell,1.0,2.0,https://www.nytimes.com/2008/11/18/books/18kaku.html,OUTLIERS,2014.0
by Jordan Belfort,1.0,3.0,,THE WOLF OF WALL STREET,2014.0
by Daniel Kahneman,1.0,4.0,https://www.nytimes.com/2011/11/27/books/review/thinking-fast-and-slow-by-daniel-kahneman-book-review.html,"THINKING, FAST AND SLOW",2014.0
by Gary Vaynerchuk,1.0,5.0,,"JAB, JAB, JAB, RIGHT HOOK",2014.0
by Charles Duhigg,1.0,6.0,,THE POWER OF HABIT,2014.0
by Malcolm Gladwell,1.0,7.0,https://www.nytimes.com/2000/02/28/books/books-of-the-times-how-ideas-can-be-seriously-infectious-consider-paul-revere.html,TIPPING POINT,2014.0
by Willie and Korie Robertson with Mark Schlabach,1.0,8.0,,DUCK COMMANDERS,2014.0
by Walter Isaacson,1.0,9.0,https://www.nytimes.com/2011/10/22/books/steve-jobs-by-walter-isaacson-review.html,STEVE JOBS,2014.0
by Brad Stone,1.0,10.0,https://www.nytimes.com/2013/10/29/books/the-everything-store-jeff-bezos-and-the-age-of-amazon.html,EVERYTHING STORE,2014.0
by Jordan Belfort,2.0,1.0,,THE WOLF OF WALL STREET,2014.0
by James J. Cramer,2.0,2.0,,JIM CRAMER'S GET RICH CAREFULLY,2014.0
by Sheryl Sandberg with Nell Scovell,2.0,3.0,https://www.nytimes.com/2013/03/07/books/sheryl-sandbergs-lean-in.html,LEAN IN,2014.0
by Daniel Kahneman,2.0,4.0,https://www.nytimes.com/2011/11/27/books/review/thinking-fast-and-slow-by-daniel-kahneman-book-review.html,"THINKING, FAST AND SLOW",2014.0
by Malcolm Gladwell,2.0,5.0,https://www.nytimes.com/2008/11/18/books/18kaku.html,OUTLIERS,2014.0
by Charles Duhigg,2.0,6.0,,THE POWER OF HABIT,2014.0
by Alexa Von Tobel,2.0,7.0,,FINANCIALLY FEARLESS,2014.0
by Alan C. Fox,2.0,8.0,,PEOPLE TOOLS,2014.0
by Alison Levine,2.0,9.0,,ON THE EDGE,2014.0
by Malcolm Gladwell,2.0,10.0,https://www.nytimes.com/2000/02/28/books/books-of-the-times-how-ideas-can-be-seriously-infectious-consider-paul-revere.html,TIPPING POINT,2014.0
by Sheryl Sandberg with Nell Scovell,3.0,1.0,https://www.nytimes.com/2013/03/07/books/sheryl-sandbergs-lean-in.html,LEAN IN,2014.0
by Jordan Belfort,3.0,2.0,,THE WOLF OF WALL STREET,2014.0
by Malcolm Gladwell,3.0,3.0,https://www.nytimes.com/2008/11/18/books/18kaku.html,OUTLIERS,2014.0
by Daniel Kahneman,3.0,4.0,https://www.nytimes.com/2011/11/27/books/review/thinking-fast-and-slow-by-daniel-kahneman-book-review.html,"THINKING, FAST AND SLOW",2014.0
by Charles Duhigg,3.0,5.0,,THE POWER OF HABIT,2014.0
by James J. Cramer,3.0,6.0,,JIM CRAMER'S GET RICH CAREFULLY,2014.0
by Amy Chua and Jed Rubenfeld,3.0,7.0,,TRIPLE PACKAGE,2014.0
by Steve McClatchy,3.0,8.0,,DECIDE,2014.0
by Leerom Segal and others,3.0,9.0,,DECODED COMPANY,2014.0
by Erik Brynjolfsson and Andrew McAfee,3.0,10.0,,THE SECOND MACHINE AGE,2014.0
by Sheryl Sandberg with Nell Scovell,4.0,1.0,https://www.nytimes.com/2013/03/07/books/sheryl-sandbergs-lean-in.html,LEAN IN,2014.0
by Arianna Huffington,4.0,2.0,,THRIVE,2014.0
by Daniel Kahneman,4.0,3.0,https://www.nytimes.com/2011/11/27/books/review/thinking-fast-and-slow-by-daniel-kahneman-book-review.html,"THINKING, FAST AND SLOW",2014.0
by Russell Simmons with Chris Morrow,4.0,4.0,,SUCCESS THROUGH STILLNESS,2014.0
by Jordan Belfort,4.0,5.0,,THE WOLF OF WALL STREET,2014.0
by Charles Duhigg,4.0,6.0,,THE POWER OF HABIT,2014.0
by Malcolm Gladwell,4.0,7.0,https://www.nytimes.com/2008/11/18/books/18kaku.html,OUTLIERS,2014.0
by Ben Horowitz,4.0,8.0,,THE HARD THING ABOUT HARD THINGS,2014.0
by Adam Braun with Carlye Adler,4.0,9.0,,THE PROMISE OF A PENCIL,2014.0
by Brigid Schulte,4.0,10.0,,OVERWHELMED,2014.0
by Michael Lewis,5.0,1.0,,FLASH BOYS,2014.0
by Arianna Huffington,5.0,2.0,,THRIVE,2014.0
by Dave Ramsey and Rachel Cruze,5.0,3.0,,SMART MONEY SMART KIDS,2014.0
by Thomas Piketty,5.0,4.0,,CAPITAL IN THE TWENTY-FIRST CENTURY,2014.0
by Sheryl Sandberg with Nell Scovell,5.0,5.0,https://www.nytimes.com/2013/03/07/books/sheryl-sandbergs-lean-in.html,LEAN IN,2014.0
by Daniel Kahneman,5.0,6.0,https://www.nytimes.com/2011/11/27/books/review/thinking-fast-and-slow-by-daniel-kahneman-book-review.html,"THINKING, FAST AND SLOW",2014.0
by Ed Catmull with Amy Wallace,5.0,7.0,,"CREATIVITY, INC",2014.0
by Katty Kay and Claire Shipman,5.0,8.0,,CONFIDENCE CODE,2014.0
by Malcolm Gladwell,5.0,9.0,https://www.nytimes.com/2008/11/18/books/18kaku.html,OUTLIERS,2014.0
by Charles Duhigg,5.0,10.0,,THE POWER OF HABIT,2014.0
by Thomas Piketty,6.0,1.0,,CAPITAL IN THE TWENTY-FIRST CENTURY,2014.0
by Michael Lewis,6.0,2.0,,FLASH BOYS,2014.0
by Steven D. Levitt and Stephen J. Dubner,6.0,3.0,,THINK LIKE A FREAK,2014.0
by Timothy F. Geithner,6.0,4.0,,STRESS TEST,2014.0
by Sophia Amoruso,6.0,5.0,,#GIRLBOSS,2014.0
by Sheryl Sandberg with Nell Scovell,6.0,6.0,https://www.nytimes.com/2013/03/07/books/sheryl-sandbergs-lean-in.html,LEAN IN,2014.0
by Arianna Huffington,6.0,7.0,,THRIVE,2014.0
by Dave Ramsey and Rachel Cruze,6.0,8.0,,SMART MONEY SMART KIDS,2014.0
by Malcolm Gladwell,6.0,9.0,https://www.nytimes.com/2008/11/18/books/18kaku.html,OUTLIERS,2014.0
by Daniel Kahneman,6.0,10.0,https://www.nytimes.com/2011/11/27/books/review/thinking-fast-and-slow-by-daniel-kahneman-book-review.html,"THINKING, FAST AND SLOW",2014.0
by Thomas Piketty,7.0,1.0,,CAPITAL IN THE TWENTY-FIRST CENTURY,2014.0
by Steven D. Levitt and Stephen J. Dubner,7.0,2.0,,THINK LIKE A FREAK,2014.0
by Michael Lewis,7.0,3.0,,FLASH BOYS,2014.0
by Malcolm Gladwell,7.0,4.0,https://www.nytimes.com/2008/11/18/books/18kaku.html,OUTLIERS,2014.0
by Sheryl Sandberg with Nell Scovell,7.0,5.0,https://www.nytimes.com/2013/03/07/books/sheryl-sandbergs-lean-in.html,LEAN IN,2014.0
by Sophia Amoruso,7.0,6.0,,#GIRLBOSS,2014.0
by Daniel Kahneman,7.0,7.0,https://www.nytimes.com/2011/11/27/books/review/thinking-fast-and-slow-by-daniel-kahneman-book-review.html,"THINKING, FAST AND SLOW",2014.0
by Timothy F. Geithner,7.0,8.0,,STRESS TEST,2014.0
by Charles Duhigg,7.0,9.0,,THE POWER OF HABIT,2014.0
by Arianna Huffington,7.0,10.0,,THRIVE,2014.0
by Malcolm Gladwell,8.0,1.0,https://www.nytimes.com/2008/11/18/books/18kaku.html,OUTLIERS,2014.0
by Jeff Walker,8.0,2.0,,LAUNCH,2014.0
by John Brooks,8.0,3.0,,BUSINESS ADVENTURES,2014.0
by Steven D. Levitt and Stephen J. Dubner,8.0,4.0,,THINK LIKE A FREAK,2014.0
by Thomas Piketty,8.0,5.0,,CAPITAL IN THE TWENTY-FIRST CENTURY,2014.0
by Sophia Amoruso,8.0,6.0,,#GIRLBOSS,2014.0
by Charles Duhigg,8.0,7.0,,THE POWER OF HABIT,2014.0
by Daniel Kahneman,8.0,8.0,https://www.nytimes.com/2011/11/27/books/review/thinking-fast-and-slow-by-daniel-kahneman-book-review.html,"THINKING, FAST AND SLOW",2014.0
by Sally Hogshead,8.0,9.0,,HOW THE WORLD SEES YOU,2014.0
by Michael Lewis,8.0,10.0,,FLASH BOYS,2014.0
by Malcolm Gladwell,9.0,1.0,https://www.nytimes.com/2008/11/18/books/18kaku.html,OUTLIERS,2014.0
by David McCullough,9.0,2.0,,THE PATH BETWEEN THE SEAS,2014.0
by Daniel Kahneman,9.0,3.0,https://www.nytimes.com/2011/11/27/books/review/thinking-fast-and-slow-by-daniel-kahneman-book-review.html,"THINKING, FAST AND SLOW",2014.0
by Charles Duhigg,9.0,4.0,,THE POWER OF HABIT,2014.0
by Sophia Amoruso,9.0,5.0,,#GIRLBOSS,2014.0
by Daniel J. Levitin,9.0,6.0,,THE ORGANIZED MIND,2014.0
by Thomas Piketty,9.0,7.0,,CAPITAL IN THE TWENTY-FIRST CENTURY,2014.0
by Steven D. Levitt and Stephen J. Dubner,9.0,8.0,,THINK LIKE A FREAK,2014.0
by John Brooks,9.0,9.0,,BUSINESS ADVENTURES,2014.0
by Sheryl Sandberg with Nell Scovell,9.0,10.0,https://www.nytimes.com/2013/03/07/books/sheryl-sandbergs-lean-in.html,LEAN IN,2014.0
by Peter Thiel with Blake Masters,10.0,1.0,,ZERO TO ONE,2014.0
by Malcolm Gladwell,10.0,2.0,https://www.nytimes.com/2008/11/18/books/18kaku.html,OUTLIERS,2014.0
by Naomi Klein,10.0,3.0,,THIS CHANGES EVERYTHING,2014.0
by Daniel Kahneman,10.0,4.0,https://www.nytimes.com/2011/11/27/books/review/thinking-fast-and-slow-by-daniel-kahneman-book-review.html,"THINKING, FAST AND SLOW",2014.0
by Charles Duhigg,10.0,5.0,,THE POWER OF HABIT,2014.0
by Daniel J. Levitin,10.0,6.0,,THE ORGANIZED MIND,2014.0
by Eric Schmidt and Jonathan Rosenberg,10.0,7.0,,HOW GOOGLE WORKS,2014.0
by Sophia Amoruso,10.0,8.0,,#GIRLBOSS,2014.0
by Sheryl Sandberg with Nell Scovell,10.0,9.0,https://www.nytimes.com/2013/03/07/books/sheryl-sandbergs-lean-in.html,LEAN IN,2014.0
by Steven D. Levitt and Stephen J. Dubner,10.0,10.0,,THINK LIKE A FREAK,2014.0
by Walter Isaacson,11.0,1.0,https://www.nytimes.com/2014/10/09/arts/walter-isaacsons-the-innovators-studies-computer-wizards.html,THE INNOVATORS,2014.0
by Peter Thiel with Blake Masters,11.0,2.0,,ZERO TO ONE,2014.0
by Steven Johnson,11.0,3.0,,HOW WE GOT TO NOW,2014.0
by Eric Schmidt and Jonathan Rosenberg,11.0,4.0,,HOW GOOGLE WORKS,2014.0
by Charles Duhigg,11.0,5.0,,THE POWER OF HABIT,2014.0
by Daniel Kahneman,11.0,6.0,https://www.nytimes.com/2011/11/27/books/review/thinking-fast-and-slow-by-daniel-kahneman-book-review.html,"THINKING, FAST AND SLOW",2014.0
by Naomi Klein,11.0,7.0,,THIS CHANGES EVERYTHING,2014.0
by Malcolm Gladwell,11.0,8.0,https://www.nytimes.com/2008/11/18/books/18kaku.html,OUTLIERS,2014.0
by Nicholas Kristof and Sheryl WuDunn,11.0,9.0,,A PATH APPEARS,2014.0
by Sophia Amoruso,11.0,10.0,,#GIRLBOSS,2014.0
by Tony Robbins,12.0,1.0,,MONEY: MASTER THE GAME,2014.0
by Walter Isaacson,12.0,2.0,https://www.nytimes.com/2014/10/09/arts/walter-isaacsons-the-innovators-studies-computer-wizards.html,THE INNOVATORS,2014.0
by Peter Thiel with Blake Masters,12.0,3.0,,ZERO TO ONE,2014.0
by Daniel Kahneman,12.0,4.0,https://www.nytimes.com/2011/11/27/books/review/thinking-fast-and-slow-by-daniel-kahneman-book-review.html,"THINKING, FAST AND SLOW",2014.0
by Charles Duhigg,12.0,5.0,,THE POWER OF HABIT,2014.0
by Malcolm Gladwell,12.0,6.0,https://www.nytimes.com/2008/11/18/books/18kaku.html,OUTLIERS,2014.0
by Steven Johnson,12.0,7.0,,HOW WE GOT TO NOW,2014.0
by Eric Schmidt and Jonathan Rosenberg,12.0,8.0,,HOW GOOGLE WORKS,2014.0
by Naomi Klein,12.0,9.0,,THIS CHANGES EVERYTHING,2014.0
by Sheryl Sandberg with Nell Scovell,12.0,10.0,https://www.nytimes.com/2013/03/07/books/sheryl-sandbergs-lean-in.html,LEAN IN,2014.0
by Tony Robbins,1.0,1.0,,MONEY: MASTER THE GAME,2015.0
by Walter Isaacson,1.0,2.0,https://www.nytimes.com/2014/10/09/arts/walter-isaacsons-the-innovators-studies-computer-wizards.html,THE INNOVATORS,2015.0
by Malcolm Gladwell,1.0,3.0,https://www.nytimes.com/2008/11/18/books/18kaku.html,OUTLIERS,2015.0
by Daniel Kahneman,1.0,4.0,https://www.nytimes.com/2011/11/27/books/review/thinking-fast-and-slow-by-daniel-kahneman-book-review.html,"THINKING, FAST AND SLOW",2015.0
by Charles Duhigg,1.0,5.0,,THE POWER OF HABIT,2015.0
by Peter Thiel with Blake Masters,1.0,6.0,,ZERO TO ONE,2015.0
by Steven Johnson,1.0,7.0,,HOW WE GOT TO NOW,2015.0
by Michael Lewis,1.0,8.0,,FLASH BOYS,2015.0
by Thomas Piketty,1.0,9.0,,CAPITAL IN THE TWENTY-FIRST CENTURY,2015.0
by Naomi Klein,1.0,10.0,,THIS CHANGES EVERYTHING,2015.0
by Tony Robbins,2.0,1.0,,MONEY: MASTER THE GAME,2015.0
by Steven Brill,2.0,2.0,,AMERICA'S BITTER PILL,2015.0
by Charles Duhigg,2.0,3.0,,THE POWER OF HABIT,2015.0
by Spencer Rascoff and Stan Humphries,2.0,4.0,,ZILLOW TALK,2015.0
by Malcolm Gladwell,2.0,5.0,https://www.nytimes.com/2008/11/18/books/18kaku.html,OUTLIERS,2015.0
by Daniel Kahneman,2.0,6.0,https://www.nytimes.com/2011/11/27/books/review/thinking-fast-and-slow-by-daniel-kahneman-book-review.html,"THINKING, FAST AND SLOW",2015.0
by Michael Fertik and David C. Thompson,2.0,7.0,,THE REPUTATION ECONOMY,2015.0
by Peter Thiel with Blake Masters,2.0,8.0,,ZERO TO ONE,2015.0
by Walter Isaacson,2.0,9.0,https://www.nytimes.com/2014/10/09/arts/walter-isaacsons-the-innovators-studies-computer-wizards.html,THE INNOVATORS,2015.0
by Moises Naim,2.0,10.0,,THE END OF POWER,2015.0
by Tony Robbins,3.0,1.0,,MONEY: MASTER THE GAME,2015.0
by Peter H. Diamandis and Steven Kotler,3.0,2.0,,BOLD,2015.0
by Bill Browder,3.0,3.0,https://www.nytimes.com/2015/02/02/arts/bill-browders-red-notice-about-his-russian-misadventures.html,RED NOTICE,2015.0
by Charles Duhigg,3.0,4.0,,THE POWER OF HABIT,2015.0
by Spencer Rascoff and Stan Humphries,3.0,5.0,,ZILLOW TALK,2015.0
by Marc Goodman,3.0,6.0,,FUTURE CRIMES,2015.0
by Daniel Kahneman,3.0,7.0,https://www.nytimes.com/2011/11/27/books/review/thinking-fast-and-slow-by-daniel-kahneman-book-review.html,"THINKING, FAST AND SLOW",2015.0
by Peter Thiel with Blake Masters,3.0,8.0,,ZERO TO ONE,2015.0
by Malcolm Gladwell,3.0,9.0,https://www.nytimes.com/2008/11/18/books/18kaku.html,OUTLIERS,2015.0
by Steven Brill,3.0,10.0,,AMERICA'S BITTER PILL,2015.0
"by Laurence J. Kotlikoff, Philip Moeller and Paul Solman",4.0,1.0,,GET WHAT'S YOURS,2015.0
by Brent Schlender and Rick Tetzeli,4.0,2.0,,BECOMING STEVE JOBS,2015.0
by Tony Robbins,4.0,3.0,,MONEY: MASTER THE GAME,2015.0
by Peter H. Diamandis and Steven Kotler,4.0,4.0,,BOLD,2015.0
by Steven D. Levitt and Stephen J. Dubner,4.0,5.0,,THINK LIKE A FREAK,2015.0
by Charles Duhigg,4.0,6.0,,THE POWER OF HABIT,2015.0
by Arianna Huffington,4.0,7.0,,THRIVE,2015.0
by Robert D. Putnam,4.0,8.0,,OUR KIDS,2015.0
by Daniel Kahneman,4.0,9.0,https://www.nytimes.com/2011/11/27/books/review/thinking-fast-and-slow-by-daniel-kahneman-book-review.html,"THINKING, FAST AND SLOW",2015.0
by Jeremy Gutsche,4.0,10.0,,BETTER AND FASTER,2015.0
"by Laurence J. Kotlikoff, Philip Moeller and Paul Solman",5.0,1.0,,GET WHAT'S YOURS,2015.0
by Henry M. Paulson Jr.,5.0,2.0,,DEALING WITH CHINA,2015.0
by Brent Schlender and Rick Tetzeli,5.0,3.0,,BECOMING STEVE JOBS,2015.0
by Tony Robbins,5.0,4.0,,MONEY: MASTER THE GAME,2015.0
by Charles Duhigg,5.0,5.0,,THE POWER OF HABIT,2015.0
by Laszlo Bock,5.0,6.0,,WORK RULES!,2015.0
by Steven D. Levitt and Stephen J. Dubner,5.0,7.0,,THINK LIKE A FREAK,2015.0
by Daniel Kahneman,5.0,8.0,https://www.nytimes.com/2011/11/27/books/review/thinking-fast-and-slow-by-daniel-kahneman-book-review.html,"THINKING, FAST AND SLOW",2015.0
by Malcolm Gladwell,5.0,9.0,https://www.nytimes.com/2008/11/18/books/18kaku.html,OUTLIERS,2015.0
by Daniel Lubetzky,5.0,10.0,,DO THE KIND THING,2015.0
by Ashlee Vance,6.0,1.0,,ELON MUSK,2015.0
"by Laurence J. Kotlikoff, Philip Moeller and Paul Solman",6.0,2.0,,GET WHAT'S YOURS,2015.0
by Steven D. Levitt and Stephen J. Dubner,6.0,3.0,,WHEN TO ROB A BANK,2015.0
by Malcolm Gladwell,6.0,4.0,https://www.nytimes.com/2008/11/18/books/18kaku.html,OUTLIERS,2015.0
by Charles Duhigg,6.0,5.0,,THE POWER OF HABIT,2015.0
by Sheryl Sandberg with Nell Scovell,6.0,6.0,https://www.nytimes.com/2013/03/07/books/sheryl-sandbergs-lean-in.html,LEAN IN,2015.0
by Daniel Kahneman,6.0,7.0,https://www.nytimes.com/2011/11/27/books/review/thinking-fast-and-slow-by-daniel-kahneman-book-review.html,"THINKING, FAST AND SLOW",2015.0
"by Stanley McChrystal with Tantum Collins, David Silverman and Chris Fussell",6.0,8.0,,TEAM OF TEAMS,2015.0
by Henry M. Paulson Jr.,6.0,9.0,,DEALING WITH CHINA,2015.0
by Tony Robbins,6.0,10.0,,MONEY: MASTER THE GAME,2015.0
by Marshall Goldsmith and Mark Reiter,7.0,1.0,,TRIGGERS,2015.0
by Malcolm Gladwell,7.0,2.0,https://www.nytimes.com/2008/11/18/books/18kaku.html,OUTLIERS,2015.0
by Ashlee Vance,7.0,3.0,,ELON MUSK,2015.0
"by Laurence J. Kotlikoff, Philip Moeller and Paul Solman",7.0,4.0,,GET WHAT'S YOURS,2015.0
by Daniel Kahneman,7.0,5.0,https://www.nytimes.com/2011/11/27/books/review/thinking-fast-and-slow-by-daniel-kahneman-book-review.html,"THINKING, FAST AND SLOW",2015.0
by Charles Duhigg,7.0,6.0,,THE POWER OF HABIT,2015.0
"by Stanley McChrystal with Tantum Collins, David Silverman and Chris Fussell",7.0,7.0,,TEAM OF TEAMS,2015.0
by Sheryl Sandberg with Nell Scovell,7.0,8.0,https://www.nytimes.com/2013/03/07/books/sheryl-sandbergs-lean-in.html,LEAN IN,2015.0
by Steven D. Levitt and Stephen J. Dubner,7.0,9.0,,FREAKONOMICS,2015.0
by Tony Robbins,7.0,10.0,,MONEY: MASTER THE GAME,2015.0
by Malcolm Gladwell,9.0,1.0,https://www.nytimes.com/2008/11/18/books/18kaku.html,OUTLIERS,2015.0
"by Laurence J. Kotlikoff, Philip Moeller and Paul Solman",9.0,2.0,,GET WHAT'S YOURS,2015.0
by Daniel Kahneman,9.0,3.0,https://www.nytimes.com/2011/11/27/books/review/thinking-fast-and-slow-by-daniel-kahneman-book-review.html,"THINKING, FAST AND SLOW",2015.0
by Ashlee Vance,9.0,4.0,,ELON MUSK,2015.0
by Charles Duhigg,9.0,5.0,,THE POWER OF HABIT,2015.0
by Tony Robbins,9.0,6.0,,MONEY: MASTER THE GAME,2015.0
by Steven D. Levitt and Stephen J. Dubner,9.0,7.0,,FREAKONOMICS,2015.0
by Steven D. Levitt and Stephen J. Dubner,9.0,8.0,,THINK LIKE A FREAK,2015.0
"by Stanley McChrystal with Tantum Collins, David Silverman and Chris Fussell",9.0,9.0,,TEAM OF TEAMS,2015.0
by Naomi Klein,9.0,10.0,,THIS CHANGES EVERYTHING,2015.0
by Malcolm Gladwell,10.0,1.0,https://www.nytimes.com/2008/11/18/books/18kaku.html,OUTLIERS,2015.0
"by Laurence J. Kotlikoff, Philip Moeller and Paul Solman",10.0,2.0,,GET WHAT'S YOURS,2015.0
by Daniel Kahneman,10.0,3.0,https://www.nytimes.com/2011/11/27/books/review/thinking-fast-and-slow-by-daniel-kahneman-book-review.html,"THINKING, FAST AND SLOW",2015.0
by Charles Duhigg,10.0,4.0,,THE POWER OF HABIT,2015.0
by Ashlee Vance,10.0,5.0,,ELON MUSK,2015.0
by Daniel J. Levitin,10.0,6.0,,THE ORGANIZED MIND,2015.0
"by Stanley McChrystal with Tantum Collins, David Silverman and Chris Fussell",10.0,7.0,,TEAM OF TEAMS,2015.0
by Tony Robbins,10.0,8.0,,MONEY: MASTER THE GAME,2015.0
by Steven D. Levitt and Stephen J. Dubner,10.0,9.0,,THINK LIKE A FREAK,2015.0
by Malcolm Gladwell,10.0,10.0,https://www.nytimes.com/2000/02/28/books/books-of-the-times-how-ideas-can-be-seriously-infectious-consider-paul-revere.html,TIPPING POINT,2015.0
by Jocko Willink and Leif Babin,11.0,1.0,,EXTREME OWNERSHIP,2015.0
by Ben S. Bernanke,11.0,2.0,,THE COURAGE TO ACT,2015.0
by Steven D. Levitt and Stephen J. Dubner,11.0,3.0,,THINK LIKE A FREAK,2015.0
by Lewis Howes,11.0,4.0,,THE SCHOOL OF GREATNESS,2015.0
by Charles G. Koch,11.0,5.0,,GOOD PROFIT,2015.0
by Neel Doshi,11.0,6.0,,PRIMED TO PERFORM,2015.0
by Urban Meyer with Wayne Coffey,11.0,7.0,,ABOVE THE LINE,2015.0
by Sophia Amoruso,11.0,8.0,,#GIRLBOSS,2015.0
by Charles Duhigg,11.0,9.0,,THE POWER OF HABIT,2015.0
by Malcolm Gladwell,11.0,10.0,https://www.nytimes.com/2008/11/18/books/18kaku.html,OUTLIERS,2015.0
by Jocko Willink and Leif Babin,12.0,1.0,,EXTREME OWNERSHIP,2015.0
by Lewis Howes,12.0,2.0,,THE SCHOOL OF GREATNESS,2015.0
by Urban Meyer with Wayne Coffey,12.0,3.0,,ABOVE THE LINE,2015.0
by Daniel Kahneman,12.0,4.0,https://www.nytimes.com/2011/11/27/books/review/thinking-fast-and-slow-by-daniel-kahneman-book-review.html,"THINKING, FAST AND SLOW",2015.0
by Malcolm Gladwell,12.0,5.0,https://www.nytimes.com/2008/11/18/books/18kaku.html,OUTLIERS,2015.0
by Charles Duhigg,12.0,6.0,,THE POWER OF HABIT,2015.0
by Charles G. Koch,12.0,7.0,,GOOD PROFIT,2015.0
by Ben S. Bernanke,12.0,8.0,,THE COURAGE TO ACT,2015.0
by Sophia Amoruso,12.0,9.0,,#GIRLBOSS,2015.0
by Tony Robbins,12.0,10.0,,MONEY: MASTER THE GAME,2015.0
by Michael Lewis,1.0,1.0,https://www.nytimes.com/2010/03/15/books/15book.html,THE BIG SHORT,2016.0
by Jocko Willink and Leif Babin,1.0,2.0,,EXTREME OWNERSHIP,2016.0
by Ashlee Vance,1.0,3.0,,ELON MUSK,2016.0
by Daniel Kahneman,1.0,4.0,https://www.nytimes.com/2011/11/27/books/review/thinking-fast-and-slow-by-daniel-kahneman-book-review.html,"THINKING, FAST AND SLOW",2016.0
by Charles Duhigg,1.0,5.0,,THE POWER OF HABIT,2016.0
by Malcolm Gladwell,1.0,6.0,https://www.nytimes.com/2008/11/18/books/18kaku.html,OUTLIERS,2016.0
by Urban Meyer with Wayne Coffey,1.0,7.0,,ABOVE THE LINE,2016.0
by Steven D. Levitt and Stephen J. Dubner,1.0,8.0,,WHEN TO ROB A BANK,2016.0
by Sophia Amoruso,1.0,9.0,,#GIRLBOSS,2016.0
by Sven Beckert,1.0,10.0,https://www.nytimes.com/2014/12/30/books/empire-of-cotton-by-sven-beckert.html,EMPIRE OF COTTON,2016.0
by Michael Lewis,2.0,1.0,https://www.nytimes.com/2010/03/15/books/15book.html,THE BIG SHORT,2016.0
by Daymond John,2.0,2.0,,THE POWER OF BROKE,2016.0
by Robert M. Gates,2.0,3.0,,A PASSION FOR LEADERSHIP,2016.0
by Charles Duhigg,2.0,4.0,,THE POWER OF HABIT,2016.0
by Jane Bryant Quinn,2.0,5.0,,HOW TO MAKE YOUR MONEY LAST,2016.0
by Daniel Kahneman,2.0,6.0,https://www.nytimes.com/2011/11/27/books/review/thinking-fast-and-slow-by-daniel-kahneman-book-review.html,"THINKING, FAST AND SLOW",2016.0
by Malcolm Gladwell,2.0,7.0,https://www.nytimes.com/2008/11/18/books/18kaku.html,OUTLIERS,2016.0
by Jocko Willink and Leif Babin,2.0,8.0,,EXTREME OWNERSHIP,2016.0
"by Laurence J. Kotlikoff, Philip Moeller and Paul Solman",2.0,9.0,,GET WHAT'S YOURS,2016.0
by Ashlee Vance,2.0,10.0,,ELON MUSK,2016.0
by Adam Grant,3.0,1.0,,ORIGINALS,2016.0
by Michael Lewis,3.0,2.0,https://www.nytimes.com/2010/03/15/books/15book.html,THE BIG SHORT,2016.0
by Alec Ross,3.0,3.0,,THE INDUSTRIES OF THE FUTURE,2016.0
by Daymond John,3.0,4.0,,THE POWER OF BROKE,2016.0
by Charles Duhigg,3.0,5.0,,THE POWER OF HABIT,2016.0
by Martin Lindstrom,3.0,6.0,,SMALL DATA,2016.0
by Malcolm Gladwell,3.0,7.0,https://www.nytimes.com/2008/11/18/books/18kaku.html,OUTLIERS,2016.0
by Sophia Amoruso,3.0,8.0,,#GIRLBOSS,2016.0
by Robert M. Gates,3.0,9.0,,A PASSION FOR LEADERSHIP,2016.0
by Jocko Willink and Leif Babin,3.0,10.0,,EXTREME OWNERSHIP,2016.0
by Michael Lewis,4.0,1.0,https://www.nytimes.com/2010/03/15/books/15book.html,THE BIG SHORT,2016.0
by Adam Grant,4.0,2.0,,ORIGINALS,2016.0
by Malcolm Gladwell,4.0,3.0,https://www.nytimes.com/2008/11/18/books/18kaku.html,OUTLIERS,2016.0
by Daniel Kahneman,4.0,4.0,https://www.nytimes.com/2011/11/27/books/review/thinking-fast-and-slow-by-daniel-kahneman-book-review.html,"THINKING, FAST AND SLOW",2016.0
by Gary Vaynerchuk,4.0,5.0,,#ASKGARYVEE,2016.0
by Kristin Cavallari,4.0,6.0,,BALANCING IN HEELS,2016.0
by Jake Knapp with John Zeratsky and Braden Kowitz,4.0,7.0,,SPRINT,2016.0
by Charles Duhigg,4.0,8.0,,THE POWER OF HABIT,2016.0
by Alec Ross,4.0,9.0,,THE INDUSTRIES OF THE FUTURE,2016.0
by Jocko Willink and Leif Babin,4.0,10.0,,EXTREME OWNERSHIP,2016.0
by Steve Case,5.0,1.0,,THE THIRD WAVE,2016.0
by Tony Robbins,5.0,2.0,,MONEY: MASTER THE GAME,2016.0
by Dan Lyons,5.0,3.0,https://www.nytimes.com/2016/04/10/books/review/disrupted-by-dan-lyons.html,DISRUPTED,2016.0
by Phil Knight,5.0,4.0,,SHOE DOG,2016.0
by Jonathan and Drew Scott,5.0,5.0,,DREAM HOME,2016.0
by Charles Duhigg,5.0,6.0,,THE POWER OF HABIT,2016.0
by Adam Grant,5.0,7.0,,ORIGINALS,2016.0
by Michael Lewis,5.0,8.0,https://www.nytimes.com/2010/03/15/books/15book.html,THE BIG SHORT,2016.0
by Ashlee Vance,5.0,9.0,,ELON MUSK,2016.0
by Malcolm Gladwell,5.0,10.0,https://www.nytimes.com/2008/11/18/books/18kaku.html,OUTLIERS,2016.0
by Angela Duckworth,6.0,1.0,https://www.nytimes.com/2016/05/08/books/review/grit-by-angela-duckworth.html,GRIT,2016.0
by Phil Knight,6.0,2.0,,SHOE DOG,2016.0
by Chris Anderson,6.0,3.0,,TED TALKS,2016.0
by Vishen Lakhiani,6.0,4.0,,THE CODE OF THE EXTRAORDINARY MIND,2016.0
by Malcolm Gladwell,6.0,5.0,https://www.nytimes.com/2008/11/18/books/18kaku.html,OUTLIERS,2016.0
by James Stone,6.0,6.0,,FIVE EASY THESES,2016.0
by Charles Duhigg,6.0,7.0,,THE POWER OF HABIT,2016.0
by Steve Case,6.0,8.0,,THE THIRD WAVE,2016.0
by Adam Grant,6.0,9.0,,ORIGINALS,2016.0
by Daniel Kahneman,6.0,10.0,https://www.nytimes.com/2011/11/27/books/review/thinking-fast-and-slow-by-daniel-kahneman-book-review.html,"THINKING, FAST AND SLOW",2016.0
by Angela Duckworth,7.0,1.0,https://www.nytimes.com/2016/05/08/books/review/grit-by-angela-duckworth.html,GRIT,2016.0
by Phil Knight,7.0,2.0,,SHOE DOG,2016.0
by Malcolm Gladwell,7.0,3.0,https://www.nytimes.com/2008/11/18/books/18kaku.html,OUTLIERS,2016.0
by Charles Duhigg,7.0,4.0,,THE POWER OF HABIT,2016.0
by Nely Galán,7.0,5.0,,SELF-MADE,2016.0
by Kevin Kelly,7.0,6.0,,THE INEVITABLE,2016.0
by Ruchir Sharma,7.0,7.0,,THE RISE AND FALL OF NATIONS,2016.0
by Daniel Kahneman,7.0,8.0,https://www.nytimes.com/2011/11/27/books/review/thinking-fast-and-slow-by-daniel-kahneman-book-review.html,"THINKING, FAST AND SLOW",2016.0
by Adam Grant,7.0,9.0,,ORIGINALS,2016.0
by Vishen Lakhiani,7.0,10.0,,THE CODE OF THE EXTRAORDINARY MIND,2016.0
by Angela Duckworth,8.0,1.0,https://www.nytimes.com/2016/05/08/books/review/grit-by-angela-duckworth.html,GRIT,2016.0
by Malcolm Gladwell,8.0,2.0,https://www.nytimes.com/2008/11/18/books/18kaku.html,OUTLIERS,2016.0
by Phil Knight,8.0,3.0,,SHOE DOG,2016.0
by Antonio García Martínez,8.0,4.0,https://www.nytimes.com/2016/07/10/books/review/chaos-monkeys-by-antonio-garcia-martinez.html,CHAOS MONKEYS,2016.0
by Charles Duhigg,8.0,5.0,,THE POWER OF HABIT,2016.0
by Daniel Kahneman,8.0,6.0,https://www.nytimes.com/2011/11/27/books/review/thinking-fast-and-slow-by-daniel-kahneman-book-review.html,"THINKING, FAST AND SLOW",2016.0
by Adam Grant,8.0,7.0,,ORIGINALS,2016.0
by Jonah Berger,8.0,8.0,,CONTAGIOUS,2016.0
by Steven D. Levitt and Stephen J. Dubner,8.0,9.0,,FREAKONOMICS,2016.0
by Malcolm Gladwell,8.0,10.0,https://www.nytimes.com/2000/02/28/books/books-of-the-times-how-ideas-can-be-seriously-infectious-consider-paul-revere.html,TIPPING POINT,2016.0
by Malcolm Gladwell,9.0,1.0,https://www.nytimes.com/2008/11/18/books/18kaku.html,OUTLIERS,2016.0
by Angela Duckworth,9.0,2.0,https://www.nytimes.com/2016/05/08/books/review/grit-by-angela-duckworth.html,GRIT,2016.0
by Phil Knight,9.0,3.0,,SHOE DOG,2016.0
by James Andrew Miller,9.0,4.0,https://www.nytimes.com/2016/08/21/books/review/powerhouse-creative-artists-agency-james-andrew-miller.html,POWERHOUSE,2016.0
by Daniel Kahneman,9.0,5.0,https://www.nytimes.com/2011/11/27/books/review/thinking-fast-and-slow-by-daniel-kahneman-book-review.html,"THINKING, FAST AND SLOW",2016.0
by Charles Duhigg,9.0,6.0,,THE POWER OF HABIT,2016.0
by Steven D. Levitt and Stephen J. Dubner,9.0,7.0,,FREAKONOMICS,2016.0
by Malcolm Gladwell,9.0,8.0,https://www.nytimes.com/2000/02/28/books/books-of-the-times-how-ideas-can-be-seriously-infectious-consider-paul-revere.html,TIPPING POINT,2016.0
by Jonah Berger,9.0,9.0,,CONTAGIOUS,2016.0
by Adam Grant,9.0,10.0,,ORIGINALS,2016.0
by Edward Conard,10.0,1.0,,THE UPSIDE OF INEQUALITY,2016.0
by Bill Burnett and Dave Evans,10.0,2.0,,DESIGNING YOUR LIFE,2016.0
by Angela Duckworth,10.0,3.0,https://www.nytimes.com/2016/05/08/books/review/grit-by-angela-duckworth.html,GRIT,2016.0
"by Neil Patel, Patrick Vlaskovits and Jonas Koffler",10.0,4.0,,HUSTLE,2016.0
by Phil Knight,10.0,5.0,,SHOE DOG,2016.0
by Malcolm Gladwell,10.0,6.0,https://www.nytimes.com/2008/11/18/books/18kaku.html,OUTLIERS,2016.0
by Simon Sinek,10.0,7.0,,TOGETHER IS BETTER,2016.0
by Daniel Kahneman,10.0,8.0,https://www.nytimes.com/2011/11/27/books/review/thinking-fast-and-slow-by-daniel-kahneman-book-review.html,"THINKING, FAST AND SLOW",2016.0
by Kathryn Hall and Craig Hall,10.0,9.0,,A PERFECT SCORE,2016.0
by Charles Duhigg,10.0,10.0,,THE POWER OF HABIT,2016.0
by Chip Gaines and Joanna Gaines with Mark Dagostino,11.0,1.0,,THE MAGNOLIA STORY,2016.0
by Bill Burnett and Dave Evans,11.0,2.0,,DESIGNING YOUR LIFE,2016.0
by Angela Duckworth,11.0,3.0,https://www.nytimes.com/2016/05/08/books/review/grit-by-angela-duckworth.html,GRIT,2016.0
by Phil Knight,11.0,4.0,,SHOE DOG,2016.0
by Daniel Kahneman,11.0,5.0,https://www.nytimes.com/2011/11/27/books/review/thinking-fast-and-slow-by-daniel-kahneman-book-review.html,"THINKING, FAST AND SLOW",2016.0
by Simon Sinek,11.0,6.0,,TOGETHER IS BETTER,2016.0
by Charles Duhigg,11.0,7.0,,THE POWER OF HABIT,2016.0
by Malcolm Gladwell,11.0,8.0,https://www.nytimes.com/2008/11/18/books/18kaku.html,OUTLIERS,2016.0
by Robert Cialdini,11.0,9.0,,PRE-SUASION,2016.0
by Nicole Curtis,11.0,10.0,,BETTER THAN NEW,2016.0
by Chip Gaines and Joanna Gaines with Mark Dagostino,12.0,1.0,,THE MAGNOLIA STORY,2016.0
by Thomas L. Friedman,12.0,2.0,https://www.nytimes.com/2016/11/22/books/review/thomas-friedman-thank-you-for-being-late.html,THANK YOU FOR BEING LATE,2016.0
by Maciej Kranz,12.0,3.0,,BUILDING THE INTERNET OF THINGS,2016.0
by Angela Duckworth,12.0,4.0,https://www.nytimes.com/2016/05/08/books/review/grit-by-angela-duckworth.html,GRIT,2016.0
by Daniel Kahneman,12.0,5.0,https://www.nytimes.com/2011/11/27/books/review/thinking-fast-and-slow-by-daniel-kahneman-book-review.html,"THINKING, FAST AND SLOW",2016.0
by Bill Burnett and Dave Evans,12.0,6.0,,DESIGNING YOUR LIFE,2016.0
by Charles Duhigg,12.0,7.0,,THE POWER OF HABIT,2016.0
by Phil Knight,12.0,8.0,,SHOE DOG,2016.0
by Malcolm Gladwell,12.0,9.0,https://www.nytimes.com/2008/11/18/books/18kaku.html,OUTLIERS,2016.0
by Simon Sinek,12.0,10.0,,TOGETHER IS BETTER,2016.0
by Chip Gaines and Joanna Gaines with Mark Dagostino,1.0,1.0,,THE MAGNOLIA STORY,2017.0
by Michael Lewis,1.0,2.0,,THE UNDOING PROJECT,2017.0
by Tim Ferriss,1.0,3.0,,TOOLS OF TITANS,2017.0
by Thomas L. Friedman,1.0,4.0,https://www.nytimes.com/2016/11/22/books/review/thomas-friedman-thank-you-for-being-late.html,THANK YOU FOR BEING LATE,2017.0
by Phil Knight,1.0,5.0,,SHOE DOG,2017.0
by Daniel Kahneman,1.0,6.0,https://www.nytimes.com/2011/11/27/books/review/thinking-fast-and-slow-by-daniel-kahneman-book-review.html,"THINKING, FAST AND SLOW",2017.0
by Angela Duckworth,1.0,7.0,https://www.nytimes.com/2016/05/08/books/review/grit-by-angela-duckworth.html,GRIT,2017.0
by Malcolm Gladwell,1.0,8.0,https://www.nytimes.com/2008/11/18/books/18kaku.html,OUTLIERS,2017.0
by Bill Burnett and Dave Evans,1.0,9.0,,DESIGNING YOUR LIFE,2017.0
by Charles Duhigg,1.0,10.0,,THE POWER OF HABIT,2017.0
by Tim Ferriss,2.0,1.0,,TOOLS OF TITANS,2017.0
by Chip Gaines and Joanna Gaines with Mark Dagostino,2.0,2.0,,THE MAGNOLIA STORY,2017.0
by Michael Lewis,2.0,3.0,,THE UNDOING PROJECT,2017.0
by Thomas L. Friedman,2.0,4.0,https://www.nytimes.com/2016/11/22/books/review/thomas-friedman-thank-you-for-being-late.html,THANK YOU FOR BEING LATE,2017.0
by Daniel Kahneman,2.0,5.0,https://www.nytimes.com/2011/11/27/books/review/thinking-fast-and-slow-by-daniel-kahneman-book-review.html,"THINKING, FAST AND SLOW",2017.0
by Phil Knight,2.0,6.0,,SHOE DOG,2017.0
by Gary Taubes,2.0,7.0,https://www.nytimes.com/2017/01/02/books/review/case-against-sugar-gary-taubes.html,CASE AGAINST SUGAR,2017.0
by Charles Duhigg,2.0,8.0,,THE POWER OF HABIT,2017.0
by Angela Duckworth,2.0,9.0,https://www.nytimes.com/2016/05/08/books/review/grit-by-angela-duckworth.html,GRIT,2017.0
by Angie Morgan,2.0,10.0,,SPARK,2017.0
by Chip Gaines and Joanna Gaines with Mark Dagostino,3.0,1.0,,THE MAGNOLIA STORY,2017.0
by Tim Ferriss,3.0,2.0,,TOOLS OF TITANS,2017.0
by Michael Lewis,3.0,3.0,,THE UNDOING PROJECT,2017.0
by Thomas L. Friedman,3.0,4.0,https://www.nytimes.com/2016/11/22/books/review/thomas-friedman-thank-you-for-being-late.html,THANK YOU FOR BEING LATE,2017.0
by Daniel Kahneman,3.0,5.0,https://www.nytimes.com/2011/11/27/books/review/thinking-fast-and-slow-by-daniel-kahneman-book-review.html,"THINKING, FAST AND SLOW",2017.0
by Sheelah Kolhatkar,3.0,6.0,https://www.nytimes.com/2017/02/07/books/review/black-edge-sheelah-kolhatkar.html,BLACK EDGE,2017.0
by Phil Knight,3.0,7.0,,SHOE DOG,2017.0
by Adam Grant,3.0,8.0,,ORIGINALS,2017.0
by Angela Duckworth,3.0,9.0,https://www.nytimes.com/2016/05/08/books/review/grit-by-angela-duckworth.html,GRIT,2017.0
by Beth Kobliner,3.0,10.0,,MAKE YOUR KID A MONEY GENIUS (EVEN IF YOU'RE NOT),2017.0
by Tony Robbins with Peter Mallouk,4.0,1.0,,UNSHAKABLE,2017.0
by Chip Gaines and Joanna Gaines with Mark Dagostino,4.0,2.0,,THE MAGNOLIA STORY,2017.0
by Tim Ferriss,4.0,3.0,,TOOLS OF TITANS,2017.0
by Thomas L. Friedman,4.0,4.0,https://www.nytimes.com/2016/11/22/books/review/thomas-friedman-thank-you-for-being-late.html,THANK YOU FOR BEING LATE,2017.0
by Michael Lewis,4.0,5.0,,THE UNDOING PROJECT,2017.0
by Daniel Kahneman,4.0,6.0,https://www.nytimes.com/2011/11/27/books/review/thinking-fast-and-slow-by-daniel-kahneman-book-review.html,"THINKING, FAST AND SLOW",2017.0
by Adam Grant,4.0,7.0,,ORIGINALS,2017.0
by Angela Duckworth,4.0,8.0,https://www.nytimes.com/2016/05/08/books/review/grit-by-angela-duckworth.html,GRIT,2017.0
by Kim Scott,4.0,9.0,,RADICAL CANDOR,2017.0
by Isaac Lidsky,4.0,10.0,,EYES WIDE OPEN,2017.0
by Lilly Singh,5.0,1.0,,HOW TO BE A BAWSE,2017.0
by Tony Robbins with Peter Mallouk,5.0,2.0,,UNSHAKABLE,2017.0
by Chip Gaines and Joanna Gaines with Mark Dagostino,5.0,3.0,,THE MAGNOLIA STORY,2017.0
by Ric Edelman,5.0,4.0,,THE TRUTH ABOUT YOUR FUTURE,2017.0
by Tim Ferriss,5.0,5.0,,TOOLS OF TITANS,2017.0
by Elisabeth Rosenthal,5.0,6.0,https://www.nytimes.com/2017/04/04/books/review/an-american-sickness-elisabeth-rosenthal.html,AN AMERICAN SICKNESS,2017.0
by David Osborn and Paul Morris,5.0,7.0,,WEALTH CAN'T WAIT,2017.0
by Steve Case,5.0,8.0,,THE THIRD WAVE,2017.0
by Jen Sincero,5.0,9.0,,YOU ARE A BADASS AT MAKING MONEY,2017.0
by Adam Grant,5.0,10.0,,ORIGINALS,2017.0
by Chip Gaines and Joanna Gaines with Mark Dagostino,6.0,1.0,,THE MAGNOLIA STORY,2017.0
by Ivanka Trump,6.0,2.0,,WOMEN WHO WORK,2017.0
by Jen Sincero,6.0,3.0,,YOU ARE A BADASS AT MAKING MONEY,2017.0
by Tim Ferriss,6.0,4.0,,TOOLS OF TITANS,2017.0
by Angela Duckworth,6.0,5.0,https://www.nytimes.com/2016/05/08/books/review/grit-by-angela-duckworth.html,GRIT,2017.0
by Adam Grant,6.0,6.0,,ORIGINALS,2017.0
by Tony Robbins with Peter Mallouk,6.0,7.0,,UNSHAKABLE,2017.0
by Daniel Kahneman,6.0,8.0,https://www.nytimes.com/2011/11/27/books/review/thinking-fast-and-slow-by-daniel-kahneman-book-review.html,"THINKING, FAST AND SLOW",2017.0
by Nick Bilton,6.0,9.0,https://www.nytimes.com/2017/06/12/books/review/american-kingpin-nick-bilton.html,AMERICAN KINGPIN,2017.0
by Phil Knight,6.0,10.0,,SHOE DOG,2017.0
by Chip Gaines and Joanna Gaines with Mark Dagostino,7.0,1.0,,THE MAGNOLIA STORY,2017.0
by Malcolm Gladwell,7.0,2.0,https://www.nytimes.com/2008/11/18/books/18kaku.html,OUTLIERS,2017.0
by Angela Duckworth,7.0,3.0,https://www.nytimes.com/2016/05/08/books/review/grit-by-angela-duckworth.html,GRIT,2017.0
by Tim Ferriss,7.0,4.0,,TOOLS OF TITANS,2017.0
by Daniel Kahneman,7.0,5.0,https://www.nytimes.com/2011/11/27/books/review/thinking-fast-and-slow-by-daniel-kahneman-book-review.html,"THINKING, FAST AND SLOW",2017.0
by Phil Knight,7.0,6.0,,SHOE DOG,2017.0
by Charles Duhigg,7.0,7.0,,THE POWER OF HABIT,2017.0
by Adam Grant,7.0,8.0,,ORIGINALS,2017.0
by Simon Sinek,7.0,9.0,,LEADERS EAT LAST,2017.0
by Sarah Knight,7.0,10.0,,GET YOUR ------ TOGETHER,2017.0
by Chip Gaines and Joanna Gaines with Mark Dagostino,8.0,1.0,,THE MAGNOLIA STORY,2017.0
by Malcolm Gladwell,8.0,2.0,https://www.nytimes.com/2008/11/18/books/18kaku.html,OUTLIERS,2017.0
by Angela Duckworth,8.0,3.0,https://www.nytimes.com/2016/05/08/books/review/grit-by-angela-duckworth.html,GRIT,2017.0
by Bill Browder,8.0,4.0,https://www.nytimes.com/2015/02/02/arts/bill-browders-red-notice-about-his-russian-misadventures.html,RED NOTICE,2017.0
by Daniel Kahneman,8.0,5.0,https://www.nytimes.com/2011/11/27/books/review/thinking-fast-and-slow-by-daniel-kahneman-book-review.html,"THINKING, FAST AND SLOW",2017.0
by Charles Duhigg,8.0,6.0,,THE POWER OF HABIT,2017.0
by Jonah Berger,8.0,7.0,,INVISIBLE INFLUENCE,2017.0
by Tim Ferriss,8.0,8.0,,TOOLS OF TITANS,2017.0
by Sarah Knight,8.0,9.0,,GET YOUR ------ TOGETHER,2017.0
by Phil Knight,8.0,10.0,,SHOE DOG,2017.0
by Angela Duckworth,9.0,1.0,https://www.nytimes.com/2016/05/08/books/review/grit-by-angela-duckworth.html,GRIT,2017.0
by Malcolm Gladwell,9.0,2.0,https://www.nytimes.com/2008/11/18/books/18kaku.html,OUTLIERS,2017.0
by Bill Browder,9.0,3.0,https://www.nytimes.com/2015/02/02/arts/bill-browders-red-notice-about-his-russian-misadventures.html,RED NOTICE,2017.0
by Brian Buffini,9.0,4.0,,EMIGRANT EDGE,2017.0
by Daniel Kahneman,9.0,5.0,https://www.nytimes.com/2011/11/27/books/review/thinking-fast-and-slow-by-daniel-kahneman-book-review.html,"THINKING, FAST AND SLOW",2017.0
by Charles Duhigg,9.0,6.0,,THE POWER OF HABIT,2017.0
by Jonah Berger,9.0,7.0,,INVISIBLE INFLUENCE,2017.0
by Sarah Knight,9.0,8.0,,GET YOUR ------ TOGETHER,2017.0
by Tim Ferriss,9.0,9.0,,TOOLS OF TITANS,2017.0
by Max Tegmark,9.0,10.0,,LIFE 3.0,2017.0
by Ray Dalio,10.0,1.0,,PRINCIPLES,2017.0
by Tim Ferriss,10.0,2.0,,TOOLS OF TITANS,2017.0
by Angela Duckworth,10.0,3.0,https://www.nytimes.com/2016/05/08/books/review/grit-by-angela-duckworth.html,GRIT,2017.0
by Satya Nadella with Greg Shaw and Jill Tracie Nichols,10.0,4.0,,HIT REFRESH,2017.0
by Max Tegmark,10.0,5.0,,LIFE 3.0,2017.0
by Jonathan Scott and Drew Scott,10.0,6.0,,IT TAKES TWO,2017.0
by W. Chan Kim and Renée Mauborgne,10.0,7.0,,BLUE OCEAN SHIFT,2017.0
by Malcolm Gladwell,10.0,8.0,https://www.nytimes.com/2008/11/18/books/18kaku.html,OUTLIERS,2017.0
by Daniel Kahneman,10.0,9.0,https://www.nytimes.com/2011/11/27/books/review/thinking-fast-and-slow-by-daniel-kahneman-book-review.html,"THINKING, FAST AND SLOW",2017.0
by Jonah Berger,10.0,10.0,,INVISIBLE INFLUENCE,2017.0
by Chip Gaines,11.0,1.0,,CAPITAL GAINES,2017.0
by Jocko Willink,11.0,2.0,,DISCIPLINE EQUALS FREEDOM,2017.0
by Ray Dalio,11.0,3.0,,PRINCIPLES,2017.0
by W. Chan Kim and Renée Mauborgne,11.0,4.0,,BLUE OCEAN SHIFT,2017.0
by Scott Galloway,11.0,5.0,,THE FOUR,2017.0
by Chip Heath and Dan Heath,11.0,6.0,,THE POWER OF MOMENTS,2017.0
by T.D. Jakes,11.0,7.0,,SOAR!,2017.0
by Richard H. Thaler and Cass R. Sunstein,11.0,8.0,,NUDGE,2017.0
by Gretchen Carlson,11.0,9.0,,BE FIERCE,2017.0
by Satya Nadella with Greg Shaw and Jill Tracie Nichols,11.0,10.0,,HIT REFRESH,2017.0
by Chip Gaines,12.0,1.0,,CAPITAL GAINES,2017.0
by Timothy Ferriss,12.0,2.0,,TRIBE OF MENTORS,2017.0
by Ray Dalio,12.0,3.0,,PRINCIPLES,2017.0
by Jocko Willink,12.0,4.0,,DISCIPLINE EQUALS FREEDOM,2017.0
by Michael Lewis,12.0,5.0,,THE UNDOING PROJECT,2017.0
by T.D. Jakes,12.0,6.0,,SOAR!,2017.0
by Thomas L. Friedman,12.0,7.0,https://www.nytimes.com/2016/11/22/books/review/thomas-friedman-thank-you-for-being-late.html,THANK YOU FOR BEING LATE,2017.0
by Daniel Kahneman,12.0,8.0,https://www.nytimes.com/2011/11/27/books/review/thinking-fast-and-slow-by-daniel-kahneman-book-review.html,"THINKING, FAST AND SLOW",2017.0
by Chip Gaines and Joanna Gaines with Mark Dagostino,12.0,9.0,,THE MAGNOLIA STORY,2017.0
by Peter Frankopan,12.0,10.0,,THE SILK ROADS,2017.0
by Timothy Ferriss,1.0,1.0,,TRIBE OF MENTORS,2018.0
by Chip Gaines,1.0,2.0,,CAPITAL GAINES,2018.0
by Ray Dalio,1.0,3.0,,PRINCIPLES,2018.0
by Chip Gaines and Joanna Gaines with Mark Dagostino,1.0,4.0,,THE MAGNOLIA STORY,2018.0
by Jocko Willink,1.0,5.0,,DISCIPLINE EQUALS FREEDOM,2018.0
by T.D. Jakes,1.0,6.0,,SOAR!,2018.0
by Daniel Kahneman,1.0,7.0,https://www.nytimes.com/2011/11/27/books/review/thinking-fast-and-slow-by-daniel-kahneman-book-review.html,"THINKING, FAST AND SLOW",2018.0
by Michael Lewis,1.0,8.0,,THE UNDOING PROJECT,2018.0
by Peter Frankopan,1.0,9.0,,THE SILK ROADS,2018.0
by Phil Knight,1.0,10.0,,SHOE DOG,2018.0
by Timothy Ferriss,2.0,1.0,,TRIBE OF MENTORS,2018.0
by Ray Dalio,2.0,2.0,,PRINCIPLES,2018.0
by Daniel H. Pink,2.0,3.0,,WHEN,2018.0
by Chip Gaines,2.0,4.0,,CAPITAL GAINES,2018.0
by Jocko Willink,2.0,5.0,,DISCIPLINE EQUALS FREEDOM,2018.0
by Charles Duhigg,2.0,6.0,,THE POWER OF HABIT,2018.0
by Daniel Kahneman,2.0,7.0,https://www.nytimes.com/2011/11/27/books/review/thinking-fast-and-slow-by-daniel-kahneman-book-review.html,"THINKING, FAST AND SLOW",2018.0
by Chip Heath and Dan Heath,2.0,8.0,,THE POWER OF MOMENTS,2018.0
by Daymond John with Daniel Paisner,2.0,9.0,,RISE AND GRIND,2018.0
by Malcolm Gladwell,2.0,10.0,https://www.nytimes.com/2008/11/18/books/18kaku.html,OUTLIERS,2018.0
by Gary Vaynerchuk,3.0,1.0,,CRUSHING IT!,2018.0
by Ray Dalio,3.0,2.0,,PRINCIPLES,2018.0
by Daniel H. Pink,3.0,3.0,,WHEN,2018.0
by Daymond John with Daniel Paisner,3.0,4.0,,RISE AND GRIND,2018.0
by Chip Gaines,3.0,5.0,,CAPITAL GAINES,2018.0
by Daniel Coyle,3.0,6.0,,THE CULTURE CODE,2018.0
by Timothy Ferriss,3.0,7.0,,TRIBE OF MENTORS,2018.0
by Charles Duhigg,3.0,8.0,,THE POWER OF HABIT,2018.0
by Daniel Kahneman,3.0,9.0,https://www.nytimes.com/2011/11/27/books/review/thinking-fast-and-slow-by-daniel-kahneman-book-review.html,"THINKING, FAST AND SLOW",2018.0
by Jocko Willink,3.0,10.0,,DISCIPLINE EQUALS FREEDOM,2018.0
by Nassim Nicholas Taleb,4.0,1.0,,SKIN IN THE GAME,2018.0
by Ray Dalio,4.0,2.0,,PRINCIPLES,2018.0
by Elena L. Botelho and Kim R. Powell with Tahl Raz,4.0,3.0,,THE CEO NEXT DOOR,2018.0
by Gary Vaynerchuk,4.0,4.0,,CRUSHING IT!,2018.0
by Jennifer Palmieri,4.0,5.0,https://www.nytimes.com/2018/03/19/books/review/jennifer-palmieri-dear-madam-president.html,DEAR MADAM PRESIDENT,2018.0
by Jon Taffer,4.0,6.0,,DON'T BULLSH*T YOURSELF!,2018.0
by Jocko Willink and Leif Babin,4.0,7.0,,EXTREME OWNERSHIP,2018.0
by Daniel Kahneman,4.0,8.0,https://www.nytimes.com/2011/11/27/books/review/thinking-fast-and-slow-by-daniel-kahneman-book-review.html,"THINKING, FAST AND SLOW",2018.0
by Charles Duhigg,4.0,9.0,,THE POWER OF HABIT,2018.0
by Daniel H. Pink,4.0,10.0,,WHEN,2018.0
by Jennifer Palmieri,5.0,1.0,https://www.nytimes.com/2018/03/19/books/review/jennifer-palmieri-dear-madam-president.html,DEAR MADAM PRESIDENT,2018.0
by Ray Dalio,5.0,2.0,,PRINCIPLES,2018.0
by Jen Sincero,5.0,3.0,,YOU ARE A BADASS AT MAKING MONEY,2018.0
by Angela Duckworth,5.0,4.0,https://www.nytimes.com/2016/05/08/books/review/grit-by-angela-duckworth.html,GRIT,2018.0
by Kim Scott,5.0,5.0,,RADICAL CANDOR,2018.0
by John Lewis Gaddis,5.0,6.0,https://www.nytimes.com/2018/04/20/books/review/john-lewis-gaddis-on-grand-strategy.html,ON GRAND STRATEGY,2018.0
by Charles Duhigg,5.0,7.0,,THE POWER OF HABIT,2018.0
by Daniel H. Pink,5.0,8.0,,WHEN,2018.0
by Daniel Kahneman,5.0,9.0,https://www.nytimes.com/2011/11/27/books/review/thinking-fast-and-slow-by-daniel-kahneman-book-review.html,"THINKING, FAST AND SLOW",2018.0
by John Doerr,5.0,10.0,,MEASURE WHAT MATTERS,2018.0
by John Doerr,6.0,1.0,,MEASURE WHAT MATTERS,2018.0
by John Carreyrou,6.0,2.0,https://www.nytimes.com/2018/05/21/books/review/bad-blood-john-carreyrou.html,BAD BLOOD,2018.0
by Ray Dalio,6.0,3.0,,PRINCIPLES,2018.0
by Phil Knight,6.0,4.0,,SHOE DOG,2018.0
by Ken Langone,6.0,5.0,,I LOVE CAPITALISM!,2018.0
by Jocko Willink and Leif Babin,6.0,6.0,,EXTREME OWNERSHIP,2018.0
by Jen Sincero,6.0,7.0,,YOU ARE A BADASS AT MAKING MONEY,2018.0
by Daniel Kahneman,6.0,8.0,https://www.nytimes.com/2011/11/27/books/review/thinking-fast-and-slow-by-daniel-kahneman-book-review.html,"THINKING, FAST AND SLOW",2018.0
by Chip Gaines and Joanna Gaines with Mark Dagostino,6.0,9.0,,THE MAGNOLIA STORY,2018.0
by Angela Duckworth,6.0,10.0,https://www.nytimes.com/2016/05/08/books/review/grit-by-angela-duckworth.html,GRIT,2018.0
by John Carreyrou,7.0,1.0,https://www.nytimes.com/2018/05/21/books/review/bad-blood-john-carreyrou.html,BAD BLOOD,2018.0
by Ray Dalio,7.0,2.0,,PRINCIPLES,2018.0
by Malcolm Gladwell,7.0,3.0,https://www.nytimes.com/2008/11/18/books/18kaku.html,OUTLIERS,2018.0
by Charles Duhigg,7.0,4.0,,THE POWER OF HABIT,2018.0
by Phil Knight,7.0,5.0,,SHOE DOG,2018.0
by John Doerr,7.0,6.0,,MEASURE WHAT MATTERS,2018.0
by Daniel Kahneman,7.0,7.0,https://www.nytimes.com/2011/11/27/books/review/thinking-fast-and-slow-by-daniel-kahneman-book-review.html,"THINKING, FAST AND SLOW",2018.0
by Jen Sincero,7.0,8.0,,YOU ARE A BADASS AT MAKING MONEY,2018.0
by Jocko Willink and Leif Babin,7.0,9.0,,EXTREME OWNERSHIP,2018.0
by Kim Scott,7.0,10.0,,RADICAL CANDOR,2018.0
by John Carreyrou,8.0,1.0,https://www.nytimes.com/2018/05/21/books/review/bad-blood-john-carreyrou.html,BAD BLOOD,2018.0
by Ray Dalio,8.0,2.0,,PRINCIPLES,2018.0
by Malcolm Gladwell,8.0,3.0,https://www.nytimes.com/2008/11/18/books/18kaku.html,OUTLIERS,2018.0
by Bill Browder,8.0,4.0,https://www.nytimes.com/2015/02/02/arts/bill-browders-red-notice-about-his-russian-misadventures.html,RED NOTICE,2018.0
by Phil Knight,8.0,5.0,,SHOE DOG,2018.0
by Jen Sincero,8.0,6.0,,YOU ARE A BADASS AT MAKING MONEY,2018.0
by Jocko Willink and Leif Babin,8.0,7.0,,EXTREME OWNERSHIP,2018.0
by Daniel Kahneman,8.0,8.0,https://www.nytimes.com/2011/11/27/books/review/thinking-fast-and-slow-by-daniel-kahneman-book-review.html,"THINKING, FAST AND SLOW",2018.0
by Kim Scott,8.0,9.0,,RADICAL CANDOR,2018.0
by John Doerr,8.0,10.0,,MEASURE WHAT MATTERS,2018.0
by John Carreyrou,9.0,1.0,https://www.nytimes.com/2018/05/21/books/review/bad-blood-john-carreyrou.html,BAD BLOOD,2018.0
by Beth Macy,9.0,2.0,https://www.nytimes.com/2018/07/31/books/review/beth-macy-dopesick.html,DOPESICK,2018.0
by Ray Dalio,9.0,3.0,,PRINCIPLES,2018.0
by Angela Duckworth,9.0,4.0,https://www.nytimes.com/2016/05/08/books/review/grit-by-angela-duckworth.html,GRIT,2018.0
by Malcolm Gladwell,9.0,5.0,https://www.nytimes.com/2008/11/18/books/18kaku.html,OUTLIERS,2018.0
by Phil Knight,9.0,6.0,,SHOE DOG,2018.0
by Jocko Willink and Leif Babin,9.0,7.0,,EXTREME OWNERSHIP,2018.0
by Bill Browder,9.0,8.0,https://www.nytimes.com/2015/02/02/arts/bill-browders-red-notice-about-his-russian-misadventures.html,RED NOTICE,2018.0
by Daniel Kahneman,9.0,9.0,https://www.nytimes.com/2011/11/27/books/review/thinking-fast-and-slow-by-daniel-kahneman-book-review.html,"THINKING, FAST AND SLOW",2018.0
by Anand Giridharadas,9.0,10.0,https://www.nytimes.com/2018/08/20/books/review/winners-take-all-anand-giridharadas.html,WINNERS TAKE ALL,2018.0
by Doris Kearns Goodwin,10.0,1.0,https://www.nytimes.com/2018/09/14/books/review/doris-kearns-goodwin-leadership.html,LEADERSHIP,2018.0
by Jocko Willink and Leif Babin,10.0,2.0,,THE DICHOTOMY OF LEADERSHIP,2018.0
by John Carreyrou,10.0,3.0,https://www.nytimes.com/2018/05/21/books/review/bad-blood-john-carreyrou.html,BAD BLOOD,2018.0
by Angela Duckworth,10.0,4.0,https://www.nytimes.com/2016/05/08/books/review/grit-by-angela-duckworth.html,GRIT,2018.0
by Ray Dalio,10.0,5.0,,PRINCIPLES,2018.0
by Kai-Fu Lee,10.0,6.0,,AI SUPERPOWERS,2018.0
by Jocko Willink and Leif Babin,10.0,7.0,,EXTREME OWNERSHIP,2018.0
by Anand Giridharadas,10.0,8.0,https://www.nytimes.com/2018/08/20/books/review/winners-take-all-anand-giridharadas.html,WINNERS TAKE ALL,2018.0
by Phil Knight,10.0,9.0,,SHOE DOG,2018.0
by Tom Wright and Bradley Hope,10.0,10.0,,BILLION DOLLAR WHALE,2018.0
by Brené Brown,11.0,1.0,,DARE TO LEAD,2018.0
by Doris Kearns Goodwin,11.0,2.0,https://www.nytimes.com/2018/09/14/books/review/doris-kearns-goodwin-leadership.html,LEADERSHIP,2018.0
by James Clear,11.0,3.0,,ATOMIC HABITS,2018.0
by Howard Marks,11.0,4.0,,MASTERING THE MARKET CYCLE,2018.0
by Robert Greene,11.0,5.0,,THE LAWS OF HUMAN NATURE,2018.0
by Scott Harrison with Lisa Sweetingham,11.0,6.0,,THIRST,2018.0
by John Carreyrou,11.0,7.0,https://www.nytimes.com/2018/05/21/books/review/bad-blood-john-carreyrou.html,BAD BLOOD,2018.0
by Jocko Willink and Leif Babin,11.0,8.0,,EXTREME OWNERSHIP,2018.0
by Jocko Willink and Leif Babin,11.0,9.0,,THE DICHOTOMY OF LEADERSHIP,2018.0
by Kai-Fu Lee,11.0,10.0,,AI SUPERPOWERS,2018.0
by Brené Brown,12.0,1.0,,DARE TO LEAD,2018.0
by Doris Kearns Goodwin,12.0,2.0,https://www.nytimes.com/2018/09/14/books/review/doris-kearns-goodwin-leadership.html,LEADERSHIP,2018.0
by James Clear,12.0,3.0,,ATOMIC HABITS,2018.0
by John Carreyrou,12.0,4.0,https://www.nytimes.com/2018/05/21/books/review/bad-blood-john-carreyrou.html,BAD BLOOD,2018.0
by Robert Greene,12.0,5.0,,THE LAWS OF HUMAN NATURE,2018.0
by Seth Godin,12.0,6.0,,THIS IS MARKETING,2018.0
by Jocko Willink and Leif Babin,12.0,7.0,,EXTREME OWNERSHIP,2018.0
by Ray Dalio,12.0,8.0,,PRINCIPLES,2018.0
by Angela Duckworth,12.0,9.0,https://www.nytimes.com/2016/05/08/books/review/grit-by-angela-duckworth.html,GRIT,2018.0
by Chip Gaines and Joanna Gaines with Mark Dagostino,12.0,10.0,,THE MAGNOLIA STORY,2018.0
by Doris Kearns Goodwin,1.0,1.0,https://www.nytimes.com/2018/09/14/books/review/doris-kearns-goodwin-leadership.html,LEADERSHIP,2019.0
by Brené Brown,1.0,2.0,,DARE TO LEAD,2019.0
by John Carreyrou,1.0,3.0,https://www.nytimes.com/2018/05/21/books/review/bad-blood-john-carreyrou.html,BAD BLOOD,2019.0
by James Clear,1.0,4.0,,ATOMIC HABITS,2019.0
by Ray Dalio,1.0,5.0,,PRINCIPLES,2019.0
by Jocko Willink and Leif Babin,1.0,6.0,,EXTREME OWNERSHIP,2019.0
by Phil Knight,1.0,7.0,,SHOE DOG,2019.0
by Chip Gaines and Joanna Gaines with Mark Dagostino,1.0,8.0,,THE MAGNOLIA STORY,2019.0
by Daniel Kahneman,1.0,9.0,https://www.nytimes.com/2011/11/27/books/review/thinking-fast-and-slow-by-daniel-kahneman-book-review.html,"THINKING, FAST AND SLOW",2019.0
by Angela Duckworth,1.0,10.0,https://www.nytimes.com/2016/05/08/books/review/grit-by-angela-duckworth.html,GRIT,2019.0
by John Carreyrou,2.0,1.0,https://www.nytimes.com/2018/05/21/books/review/bad-blood-john-carreyrou.html,BAD BLOOD,2019.0
by James Clear,2.0,2.0,,ATOMIC HABITS,2019.0
by Brené Brown,2.0,3.0,,DARE TO LEAD,2019.0
by Stephanie Land,2.0,4.0,https://www.nytimes.com/2019/01/31/books/review/stephanie-land-maid.html,MAID,2019.0
by Doris Kearns Goodwin,2.0,5.0,https://www.nytimes.com/2018/09/14/books/review/doris-kearns-goodwin-leadership.html,LEADERSHIP,2019.0
by Mike Bayer,2.0,6.0,,BEST SELF,2019.0
by Jocko Willink and Leif Babin,2.0,7.0,,EXTREME OWNERSHIP,2019.0
by Ray Dalio,2.0,8.0,,PRINCIPLES,2019.0
by Angela Duckworth,2.0,9.0,https://www.nytimes.com/2016/05/08/books/review/grit-by-angela-duckworth.html,GRIT,2019.0
by Ryder Carroll,2.0,10.0,,THE BULLET JOURNAL METHOD,2019.0
by John Carreyrou,3.0,1.0,https://www.nytimes.com/2018/05/21/books/review/bad-blood-john-carreyrou.html,BAD BLOOD,2019.0
by Brené Brown,3.0,2.0,,DARE TO LEAD,2019.0
by Stephanie Land,3.0,3.0,https://www.nytimes.com/2019/01/31/books/review/stephanie-land-maid.html,MAID,2019.0
by James Clear,3.0,4.0,,ATOMIC HABITS,2019.0
by Angela Duckworth,3.0,5.0,https://www.nytimes.com/2016/05/08/books/review/grit-by-angela-duckworth.html,GRIT,2019.0
by Howard Schultz with Joanne Gordon,3.0,6.0,,FROM THE GROUND UP,2019.0
by Jocko Willink and Leif Babin,3.0,7.0,,EXTREME OWNERSHIP,2019.0
by Phil Knight,3.0,8.0,,SHOE DOG,2019.0
by Doris Kearns Goodwin,3.0,9.0,https://www.nytimes.com/2018/09/14/books/review/doris-kearns-goodwin-leadership.html,LEADERSHIP,2019.0
by Roger McNamee,3.0,10.0,https://www.nytimes.com/2019/01/29/books/review/roger-mcnamee-zucked.html,ZUCKED,2019.0
by John Carreyrou,4.0,1.0,https://www.nytimes.com/2018/05/21/books/review/bad-blood-john-carreyrou.html,BAD BLOOD,2019.0
by Brené Brown,4.0,2.0,,DARE TO LEAD,2019.0
by James Clear,4.0,3.0,,ATOMIC HABITS,2019.0
by Charles Duhigg,4.0,4.0,,THE POWER OF HABIT,2019.0
by Jen Sincero,4.0,5.0,,YOU ARE A BADASS AT MAKING MONEY,2019.0
by Jocko Willink and Leif Babin,4.0,6.0,,EXTREME OWNERSHIP,2019.0
by Angela Duckworth,4.0,7.0,https://www.nytimes.com/2016/05/08/books/review/grit-by-angela-duckworth.html,GRIT,2019.0
by Daniel Kahneman,4.0,8.0,https://www.nytimes.com/2011/11/27/books/review/thinking-fast-and-slow-by-daniel-kahneman-book-review.html,"THINKING, FAST AND SLOW",2019.0
by Mike Bayer,4.0,9.0,,BEST SELF,2019.0
by Phil Knight,4.0,10.0,,SHOE DOG,2019.0
by John Carreyrou,5.0,1.0,https://www.nytimes.com/2018/05/21/books/review/bad-blood-john-carreyrou.html,BAD BLOOD,2019.0
by Abby Wambach,5.0,2.0,,WOLFPACK,2019.0
by Brené Brown,5.0,3.0,,DARE TO LEAD,2019.0
by Ray Dalio,5.0,4.0,,PRINCIPLES,2019.0
by James Clear,5.0,5.0,,ATOMIC HABITS,2019.0
"by Eric Schmidt, Jonathan Rosenberg and Alan Eagle",5.0,6.0,,TRILLION DOLLAR COACH,2019.0
by Mike Bayer,5.0,7.0,,BEST SELF,2019.0
by Jocko Willink and Leif Babin,5.0,8.0,,EXTREME OWNERSHIP,2019.0
by Angela Duckworth,5.0,9.0,https://www.nytimes.com/2016/05/08/books/review/grit-by-angela-duckworth.html,GRIT,2019.0
by Daniel Kahneman,5.0,10.0,https://www.nytimes.com/2011/11/27/books/review/thinking-fast-and-slow-by-daniel-kahneman-book-review.html,"THINKING, FAST AND SLOW",2019.0
by Brené Brown,6.0,1.0,,DARE TO LEAD,2019.0
by John Carreyrou,6.0,2.0,https://www.nytimes.com/2018/05/21/books/review/bad-blood-john-carreyrou.html,BAD BLOOD,2019.0
by James Clear,6.0,3.0,,ATOMIC HABITS,2019.0
by Ramit Sethi,6.0,4.0,,"I WILL TEACH YOU TO BE RICH, SECOND EDITION",2019.0
by David Bach and John David Mann,6.0,5.0,,THE LATTE FACTOR,2019.0
by Abby Wambach,6.0,6.0,,WOLFPACK,2019.0
"by Eric Schmidt, Jonathan Rosenberg and Alan Eagle",6.0,7.0,,TRILLION DOLLAR COACH,2019.0
by Ray Dalio,6.0,8.0,,PRINCIPLES,2019.0
by Jocko Willink and Leif Babin,6.0,9.0,,EXTREME OWNERSHIP,2019.0
by Angela Duckworth,6.0,10.0,https://www.nytimes.com/2016/05/08/books/review/grit-by-angela-duckworth.html,GRIT,2019.0
by Brené Brown,7.0,1.0,,DARE TO LEAD,2019.0
by David Epstein,7.0,2.0,https://www.nytimes.com/2019/05/28/books/review/david-epstein-range.html,RANGE,2019.0
by John Carreyrou,7.0,3.0,https://www.nytimes.com/2018/05/21/books/review/bad-blood-john-carreyrou.html,BAD BLOOD,2019.0
by Ramit Sethi,7.0,4.0,,"I WILL TEACH YOU TO BE RICH, SECOND EDITION",2019.0
by James Clear,7.0,5.0,,ATOMIC HABITS,2019.0
by Malcolm Gladwell,7.0,6.0,https://www.nytimes.com/2008/11/18/books/18kaku.html,OUTLIERS,2019.0
by Jocko Willink and Leif Babin,7.0,7.0,,EXTREME OWNERSHIP,2019.0
by Angela Duckworth,7.0,8.0,https://www.nytimes.com/2016/05/08/books/review/grit-by-angela-duckworth.html,GRIT,2019.0
by Abby Wambach,7.0,9.0,,WOLFPACK,2019.0
by Ray Dalio,7.0,10.0,,PRINCIPLES,2019.0
by Brené Brown,8.0,1.0,,DARE TO LEAD,2019.0
by James Clear,8.0,2.0,,ATOMIC HABITS,2019.0
by John Carreyrou,8.0,3.0,https://www.nytimes.com/2018/05/21/books/review/bad-blood-john-carreyrou.html,BAD BLOOD,2019.0
by David Epstein,8.0,4.0,https://www.nytimes.com/2019/05/28/books/review/david-epstein-range.html,RANGE,2019.0
by Malcolm Gladwell,8.0,5.0,https://www.nytimes.com/2008/11/18/books/18kaku.html,OUTLIERS,2019.0
by Jocko Willink and Leif Babin,8.0,6.0,,EXTREME OWNERSHIP,2019.0
by Ramit Sethi,8.0,7.0,,"I WILL TEACH YOU TO BE RICH, SECOND EDITION",2019.0
by Angela Duckworth,8.0,8.0,https://www.nytimes.com/2016/05/08/books/review/grit-by-angela-duckworth.html,GRIT,2019.0
by Ray Dalio,8.0,9.0,,PRINCIPLES,2019.0
by Kim Scott,8.0,10.0,,RADICAL CANDOR,2019.0
by Brené Brown,9.0,1.0,,DARE TO LEAD,2019.0
by David Epstein,9.0,2.0,https://www.nytimes.com/2019/05/28/books/review/david-epstein-range.html,RANGE,2019.0
by James Clear,9.0,3.0,,ATOMIC HABITS,2019.0
by Malcolm Gladwell,9.0,4.0,https://www.nytimes.com/2008/11/18/books/18kaku.html,OUTLIERS,2019.0
by John Carreyrou,9.0,5.0,https://www.nytimes.com/2018/05/21/books/review/bad-blood-john-carreyrou.html,BAD BLOOD,2019.0
by Ramit Sethi,9.0,6.0,,"I WILL TEACH YOU TO BE RICH, SECOND EDITION",2019.0
by Christopher Leonard,9.0,7.0,https://www.nytimes.com/2019/08/13/books/review-kochland-secret-history-koch-industries.html,KOCHLAND,2019.0
by Daniel Kahneman,9.0,8.0,https://www.nytimes.com/2011/11/27/books/review/thinking-fast-and-slow-by-daniel-kahneman-book-review.html,"THINKING, FAST AND SLOW",2019.0
by Jocko Willink and Leif Babin,9.0,9.0,,EXTREME OWNERSHIP,2019.0
by Beth Macy,9.0,10.0,https://www.nytimes.com/2018/07/31/books/review/beth-macy-dopesick.html,DOPESICK,2019.0
by Brené Brown,10.0,1.0,,DARE TO LEAD,2019.0
by Robert Iger,10.0,2.0,,THE RIDE OF A LIFETIME,2019.0
by James Clear,10.0,3.0,,ATOMIC HABITS,2019.0
by Stephen A. Schwarzman,10.0,4.0,,WHAT IT TAKES,2019.0
by Malcolm Gladwell,10.0,5.0,https://www.nytimes.com/2008/11/18/books/18kaku.html,OUTLIERS,2019.0
by David Epstein,10.0,6.0,https://www.nytimes.com/2019/05/28/books/review/david-epstein-range.html,RANGE,2019.0
by John Carreyrou,10.0,7.0,https://www.nytimes.com/2018/05/21/books/review/bad-blood-john-carreyrou.html,BAD BLOOD,2019.0
by Jocko Willink and Leif Babin,10.0,8.0,,EXTREME OWNERSHIP,2019.0
by Brad Smith and Carol Ann Browne,10.0,9.0,,TOOLS AND WEAPONS,2019.0
by Ramit Sethi,10.0,10.0,,"I WILL TEACH YOU TO BE RICH, SECOND EDITION",2019.0
by Ryan Holiday,11.0,1.0,,STILLNESS IS THE KEY,2019.0
by Marc Benioff and Monica Langley,11.0,2.0,,TRAILBLAZER,2019.0
by Robert Iger,11.0,3.0,,THE RIDE OF A LIFETIME,2019.0
by Simon Sinek,11.0,4.0,,THE INFINITE GAME,2019.0
by Brené Brown,11.0,5.0,,DARE TO LEAD,2019.0
by James Clear,11.0,6.0,,ATOMIC HABITS,2019.0
by Eve Rodsky,11.0,7.0,,FAIR PLAY,2019.0
by Stephen A. Schwarzman,11.0,8.0,,WHAT IT TAKES,2019.0
by Tilman Fertitta,11.0,9.0,,SHUT UP AND LISTEN!,2019.0
by Malcolm Gladwell,11.0,10.0,https://www.nytimes.com/2008/11/18/books/18kaku.html,OUTLIERS,2019.0
by Gregory Zuckerman,12.0,1.0,https://www.nytimes.com/2019/11/13/books/review/the-man-who-solved-the-market-gregory-zuckerman.html,THE MAN WHO SOLVED THE MARKET,2019.0
by James Clear,12.0,2.0,,ATOMIC HABITS,2019.0
by Brené Brown,12.0,3.0,,DARE TO LEAD,2019.0
by Simon Sinek,12.0,4.0,,THE INFINITE GAME,2019.0
by Robert Iger,12.0,5.0,,THE RIDE OF A LIFETIME,2019.0
by Jocko Willink and Leif Babin,12.0,6.0,,EXTREME OWNERSHIP,2019.0
by Malcolm Gladwell,12.0,7.0,https://www.nytimes.com/2008/11/18/books/18kaku.html,OUTLIERS,2019.0
by Ray Dalio,12.0,8.0,,PRINCIPLES,2019.0
by Daniel Kahneman,12.0,9.0,https://www.nytimes.com/2011/11/27/books/review/thinking-fast-and-slow-by-daniel-kahneman-book-review.html,"THINKING, FAST AND SLOW",2019.0
by Marc Benioff and Monica Langley,12.0,10.0,,TRAILBLAZER,2019.0
